Year,Praenomen,Nomen,Cognomen,Agnomen1,Agnomen2,Agnomen3,Contagem
509,L.,Junius,Brutus,,,,1
509,Sp.,Lucretius,Tricipitinus,,,,1
509,M.,Horatius,Pulvillus,,,,1
508,P.,Valerius,Poplicola,II,,,1
507,P.,Valerius,Poplicola,III,,,2
506,Sp.,Larcius,,,,,1
505,M.,Valerius,Volusus,,,,3
504,P.,Valerius,Poplicola,IV,,,4
503,Agrippa,Menenius,Lanatus,,,,1
502,Opiter,Verginius,Tricostus,,,,1
501,Post.,Cominius,Auruncus,,,,1
500,Ser.,Sulpicius,Camerinus,Cornutus,,,1
499,T.,Aebutius,Helva,,,,1
498,Q.,Cloelius,Siculus,,,,1
497,A.,Sempronius,Atratinus,,,,1
496,A.,Postumius,Albus,Regillensis,,,1
495,Ap.,Claudius,Sabinus,Inregillensis,,,1
494,A.,Verginius,Tricostus,Caeliomontanus,,,2
493,Post.,Cominius,Auruncus,II,,,2
492,T.,Geganius,Macerinus,,,,1
491,M.,Minucius,Augurinus,II,,,1
490,Q.,Sulpicius,Camerinus,Cornutus,,,2
489,C.,Julius,Iullus,,,,1
488,Sp.,Nautius,Rutilus,,,,1
487,T.,Sicinius,Sabinus,,,,1
486,Sp.,Cassius,Vecellinus,III,,,1
485,Q.,Fabius,Vibulanus,,,,1
484,L.,Aemilius,Mamercus,,,,1
483,M.,Fabius,Vibulanus,,,,2
482,C.,Julius,Iullus,,,,2
481,K.,Fabius,Vibulanus,II,,,3
480,M.,Fabius,Vibulanus,II,,,4
479,K.,Fabius,Vibulanus,III,,,5
478,L.,Aemilius,Mamercus,II,,,2
477,C.,Horatius,Pulvillus,,,,2
476,A.,Verginius,Tricostus,Rutilus,,,3
475,P.,Valerius,Poplicola,,,,5
474,L.,Furius,Medullinus,,,,1
473,L.,Aemilius,Mamercus,III,,,3
472,L.,Pinarius,Mamercinus,Rufus,,,1
471,Ap.,Claudius,Crassus,Inregillensis,Sabinus,,2
470,L.,Valerius,Potitus,II,,,6
469,T.,Numicius,Priscus,,,,1
468,T.,Quinctius,Capitolinus,Barbatus,II,,1
467,Ti.,Aemilius,Mamercus,II,,,4
466,Q.,Servilius,Priscus,II,,,1
465,Q.,Fabius,Vibulanus,II,,,6
464,A.,Postumius,Albinus,Regillensis,,,2
463,P.,Servilius,Priscus,,,,2
462,L.,Lucretius,Tricipitinus,,,,2
461,P.,Volumnius,Amintinus,Gallus,,,1
460,P.,Valerius,Poplicola,II,,,7
460,L.,Quinctius,Cincinnatus,,,,2
459,Q.,Fabius,Vibulanus,III,,,7
458,C.,Nautius,Rutilus,II,,,2
457,C.,Horatius,Pulvillus,II,,,3
456,M.,Valerius,Maximus,Lactuca,,,8
455,T.,Romilius,Rocus,Vaticanus,,,1
454,Sp.,Tarpeius,Montanus,Capitolinus,,,1
453,P.,Curiatius,Fistus,Trigeminus,,,1
452,T.,Menenius,Lanatus,,,,2
451,Ap.,Claudius,Crassus,Inregillensis,Sabinus,II,3
451,Ap.,Claudius,Crassus,Inregillensis,Sabinus,,4
451,T.,Veturius,Geminus,Cicurinus,,,1
451,A.,Manlius,Vulso,,,,1
451,P.,Sestius,Capitolinus,Vaticanus,,,1
451,T.,Romilius,Rocus,Vaticanus,,,2
450,Ap.,Claudius,Crassus,Inregillensis,Sabinus,II,5
450,M.,Sergius,Esquilinus,,,,1
450,Q.,Fabius,Vibulanus,,,,8
450,T.,Antonius,Merenda,,,,1
450,Sp.,Oppius,Cornicen,,,,1
449,L.,Valerius,Poplicola,Potitus,,,9
448,Lars,Herminius,Coritinesanus,,,,1
447,M.,Geganius,Macerinus,,,,2
446,T.,Quinctius,Capitolinus,Barbatus,IV,,3
445,M.,Genucius,Augurinus,,,,1
444,A.,Sempronius,Atratinus,,,,2
444,T.,Cloelius,Siculus,,,,2
444,L.,Papirius,Mugillanus,,,,1
443,M.,Geganius,Macerinus,II,,,3
442,M.,Fabius,Vibulanus,,,,9
441,C.,Furius,Pacilus,Fusus,,,2
440,Proc.,Geganius,Macerinus,,,,4
439,Agrippa,Menenius,Lanatus,,,,3
438,Mam.,Aemilius,Mamercinus,,,,5
438,L.,Julius,Iullus,,,,3
437,M.,Geganius,Macerinus,III,,,5
436,M.,Cornelius,Maluginensis,,,,1
435,C.,Julius,Iullus,II,,,4
434,M.,Manlius,Capitolinus,,,,2
434,Ser.,Cornelius,Cossus,,,,2
433,M.,Fabius,Vibulanus,,,,10
433,L.,Sergius,Fidenas,,,,2
432,L.,Pinarius,Mamercinus,,,,2
432,Sp.,Postumius,Albus,Regillensis,,,3
431,T.,Quinctius,Poenus,Cincinnatus,,,4
430,C.,Papirius,Crassus,,,,2
429,Hostus,Lucretius,Tricipitinus,,,,3
428,A.,Cornelius,Cossus,,,,3
427,C.,Servilius,Axilla,,,,3
426,C.,Furius,Pacilus,Fusus,,,3
426,M.,Postumius,Albinus,Regillensis,,,4
425,A.,Sempronius,Atratinus,,,,3
425,L.,Furius,Medullinus,II,,,4
424,Ap.,Claudius,Crassus,,,,6
424,L.,Sergius,Fidenas,II,,,3
423,C.,Sempronius,Atratinus,,,,4
422,L.,Manlius,Capitolinus,,,,3
422,L.,Papirius,Mugillanus,,,,3
421,N.,Fabius,Vibulanus,,,,11
420,Quinctius,Cincinnatus,,,,,1
420,M.,Manlius,Vulso,,,,4
419,Agrippa,Menenius,Lanatus,,,,4
419,Sp.,Nautius,Rutilus,,,,3
418,L.,Sergius,Fidenas,III,,,4
418,C.,Servilius,Axilla,II,,,4
417,P.,Lucretius,Tricipitinus,II,,,4
417,C.,Servilius,Axilla,III,,,5
416,A.,Sempronius,Atratinus,III,,,5
416,Q.,Fabius,Vibulanus,,,,12
415,P.,Cornelius,Cossus,,,,4
415,Q.,Quinctius,Cincinnatus,,,,5
414,Cn.,Cornelius,Cossus,,,,5
414,Q.,Fabius,Vibulanus,II,,,13
413,A.,Cornelius,Cossus,,,,6
412,Q.,Fabius,Vibulanus,Ambustus,,,14
411,M.,Papirius,Mugillanus,,,,4
410,M'.,Aemilius,Mamercinus,,,,6
409,Cn.,Cornelius,Cossus,,,,7
408,C.,Julius,Iullus,,,,5
408,C.,Servilius,Ahala,,,,6
407,L.,Furius,Medullinus,,,,5
407,N.,Fabius,Vibulanus,II,,,15
406,P.,Cornelius,Rutilus,Cossus,,,8
406,N.,Fabius,Ambustus,,,,16
405,T.,Quinctius,Capitolinus,Barbatus,,,6
405,C.,Julius,Iullus,II,,,6
405,L.,Furius,Medullinus,II,,,6
404,C.,Valerius,Potitus,Volusus,III,,10
404,P.,Cornelius,Maluginensis,,,,9
404,K.,Fabius,Ambustus,,,,17
403,M'.,Aemilius,Mamercinus,II,,,7
403,Ap.,Claudius,Crassus,,,,7
403,L.,Julius,Iullus,,,,7
402,C.,Servilius,Ahala,III,,,7
402,L.,Verginius,Tricostus,Esquilinus,,,4
402,A.,Manlius,Vulso,Capitolinus,II,,5
401,L.,Valerius,Potitus,IV,,,11
401,M'.,Aemilius,Mamercinus,III,,,8
401,K.,Fabius,Ambustus,II,,,18
400,P.,Licinius,Calvus,Esquilinus,,,1
400,L.,Titinius,Pansa,Saccus,,,1
400,Sp.,Furius,Medullinus,,,,7
399,Cn.,Genucius,Augurinus,,,,2
399,M.,Pomponius,Rufus,,,,1
399,M.,Veturius,Crassus,Cicurinus,,,2
398,L.,Valerius,Potitus,V,,,12
398,M.,Furius,Camillus,II,,,8
398,Q.,Servilius,Fidenas,II,,,8
397,L.,Julius,Iullus,II,,,8
397,L.,Sergius,Fidenas,,,,5
397,P.,Cornelius,Maluginensis,,,,10
396,L.,Titinius,Pansa,Saccus,II,,2
396,P.,Maelius,Capitolinus,II,,,1
396,Cn.,Genucius,Augurinus,II,,,3
395,P.,Cornelius,Cossus,,,,11
395,K.,Fabius,Ambustus,III,,,19
395,Q.,Servilius,Fidenas,III,,,9
394,M.,Furius,Camillus,III,,,9
394,C.,Aemilius,Mamercinus,,,,9
394,Sp.,Postumius,Albinus,Regillensis,,,5
393,L.,Valerius,Potitus,,,,13
393,L.,Lucretius,Tricipitinus,Flavus,,,5
392,L.,Valerius,Potitus,II,,,14
391,Consular,tribunes,,,,,1
391,L.,Lucretius,Tricipitinus,Flavus,,,6
391,L.,Aemilius,Mamercinus,,,,10
391,Agrippa,Furius,Fusus,,,,10
390,Consular,tribunes,,,,,2
390,Q.,Sulpicius,Longus,,,,3
390,K.,Fabius,Ambustus,IV,,,20
390,Q.,Servilius,Fidenas,IV,,,10
389,L.,Valerius,Poplicola,II,,,15
389,P.,Cornelius,,,,,12
389,L.,Aemilius,Mamercinus,II,,,11
389,L.,Papirus,Mugillanus,,,,1
388,T.,Quinctius,Cincinnatus,Capitolinus,,,7
388,L.,Julius,Iullus,,,,9
388,L.,Lucretius,Tricipitinus,Flavus,II,,7
387,Consular,tribunes,,,,,3
387,L.,Papirius,Cursor,,,,5
387,L.,Aemilius,Mamercinus,III,,,12
387,L.,Valerius,Poplicola,III,,,16
386,M.,Furius,Camillus,IV,,,11
386,Q.,Servilius,Fidenas,VI,,,11
386,L.,Horatius,Pulvillus,,,,4
385,A.,Manlius,Capitolinus,II,,,6
385,T.,Quinctius,Cincinnatus,Capitolinus,II,,8
385,L.,Papirius,Cursor,II,,,6
384,Ser.,Cornelius,Maluginensis,II,,,13
384,M.,Furius,Camillus,V,,,12
384,C.,Papirius,Crassus,,,,7
383,L.,Valerius,Poplicola,IV,,,17
383,Ser.,Sulpicius,Rufus,III,,,4
383,L.,Aemilius,Mamercinus,IV,,,13
382,Sp.,Papirius,Crassus,,,,8
382,Ser.,Cornelius,Maluginensis,III,,,14
382,C.,Sulpicius,Camerinus,,,,5
381,M.,Furius,Camillus,VI,,,13
381,L.,Postumius,Albinus,Regillensis,II,,6
381,L.,Lucretius,Tricipitinus,Flavus,IV,,8
380,Consular,tribunes,,,,,4
380,L.,Valerius,Potitus,Poplicola,V,,18
380,Ser.,Cornelius,Maluginensis,IV,,,15
380,C.,Sulpicius,Peticus,,,,6
380,Cn.,Sergius,Fidenas,Coxo,III,,6
380,L.,Papirius,Mugillanus,II,,,9
379,P.,Manlius,Capitolinus,,,,7
379,L.,Julius,Iullus,II,,,10
379,M.,Albinius,,,,,1
379,P.,Trebonius,,,,,1
378,Sp.,Furius,,,,,14
378,Licinus,Menenius,Lanatus,III,,,5
378,M.,Horatius,,,,,5
377,L.,Aemilius,Mamercinus,,,,14
377,C.,Veturius,Crassus,Cicurinus,,,3
377,L.,Quinctius,Cincinnatus,III,,,9
376,L.,Papirius,Mugillanus,III,,,10
376,Ser.,Cornelius,Maluginensis,V,,,16
371,Gaius,Licinius,Stolo,,,,2
372,Gaius,Licinius,Stolo,,,,3
373,Gaius,Licinius,Stolo,,,,4
374,Gaius,Licinius,Stolo,,,,5
375,Gaius,Licinius,Stolo,,,,6
371,Lucius,Sextius,,,,,1
372,Lucius,Sextius,,,,,2
373,Lucius,Sextius,,,,,3
374,Lucius,Sextius,,,,,4
375,L.,Furius,Medullinus,II,,,15
370,Ser.,Sulpicius,Praetextatus,III,,,7
370,P.,Valerius,Potitus,Poplicola,V,,19
369,Q.,Servilius,Fidenas,III,,,12
369,A.,Cornelius,Cossus,,,,17
369,Q.,Quinctius,Cincinnatus,,,,10
368,T.,Quinctius,Cincinnatus,Capitolinus,,,11
368,Ser.,Sulpicius,Praetextatus,IV,,,8
368,L.,Papirius,Crassus,,,,11
367,A.,Cornelius,Cossus,II,,,18
367,M.,Geganius,Macerinus,,,,6
367,L.,Veturius,Crassus,Cicurinus,II,,4
366,L.,Aemilius,Mamercinus,,,,15
365,L.,Genucius,Aventinensis,,,,4
364,C.,Sulpicius,Peticus,,,,9
363,Cn.,Genucius,Aventinensis,,,,5
362,Q.,Servilius,Ahala,II,,,13
361,C.,Licinius,Stolo,,,,7
360,M.,Fabius,Ambustus,,,,21
359,M.,Popillius,Laenas,,,,1
358,C.,Fabius,Ambustus,,,,22
357,C.,Marcius,Rutilus,,,,1
356,M.,Fabius,Ambustus,II,,,23
355,C.,Sulpicius,Peticus,III,,,10
354,M.,Fabius,Ambustus,III,,,24
353,C.,Sulpicius,Peticus,IV,,,11
352,P.,Valerius,Poplicola,,,,20
351,C.,Sulpicius,Peticus,V,,,12
350,M.,Popillius,Laenas,III,,,2
349,L.,Furius,Camillus,,,,16
348,M.,Valerius,Corvus,,,,21
347,C.,Plautius,Venno,,,,1
346,M.,Valerius,Corvus,II,,,22
345,M.,Fabius,Dorsuo,,,,25
344,C.,Marcius,Rutilus,III,,,2
343,M.,Valerius,Corvus,III,,,23
342,Q.,Servilius,Ahala,III,,,14
341,C.,Plautius,Venno,II,,,2
340,T.,Manlius,Imperiosus,Torquatus,III,,8
339,Ti.,Aemilius,Mamercinus,,,,16
338,L.,Furius,Camillus,,,,17
337,C.,Sulpicius,Longus,,,,13
336,L.,Papirius,Crassus,,,,12
335,M.,Atilius,Regulus,Calenus,,,1
334,Sp.,Postumius,Albinus,Caudinus,,,7
333,P.,Cornelius,Rufinus,,,,19
332,Cn.,Domitius,Calvinus,,,,1
331,C.,Valerius,Potitus,,,,24
330,L.,Papirius,Crassus,II,,,13
329,L.,Aemilius,Mamercinus,Privernas,II,,17
328,Plautius,,,,,,0
327,L.,Cornelius,Lentulus,,,,20
326,C.,Poetelius,Libo,Visolus,III,,1
325,L.,Furius,Camillus,II,,,18
324,L.,Papirius,Cursor,,,,14
323,C.,Sulpicius,Longus,II,,,14
322,Q.,Fabius,Maximus,Rullianus,,,26
321,T.,Veturius,Calvinus,II,,,5
320,Q.,Publilius,Philo,III,,,1
319,L.,Papirius,Cursor,III,,,15
318,M.,Folius,Flaccinator,,,,1
317,C.,Junius,Bubulcus,Brutus,,,2
316,Sp.,Nautius,Rutilus,,,,4
315,L.,Papirius,Cursor,IV,,,16
314,M.,Poetelius,Libo,,,,2
313,L.,Papirius,Cursor,V,,,17
312,M.,Valerius,Maximus,Corvinus,,,25
311,C.,Junius,Bubulcus,Brutus,III,,3
310,Q.,Fabius,Maximus,Rullianus,II,,27
309,L.,Papirius,Cursor,,,,18
308,P.,Decius,Mus,II,,,1
307,Ap.,Claudius,Caecus,,,,8
306,Q.,Marcius,Tremulus,,,,3
305,L.,Postumius,Megellus,,,,8
304,P.,Sempronius,Sophus,,,,6
303,Ser.,Cornelius,Lentulus,,,,21
302,M.,Livius,Denter,,,,1
301,M.,Valerius,Maximus,Corvus,,,26
300,M.,Valerius,Corvus,V,,,27
299,M.,Fulvius,Paetinus,,,,1
298,L.,Cornelius,Scipio,Barbatus,,,22
297,Q.,Fabius,Maximus,Rullianus,IV,,28
296,L.,Volumnius,Flamma,Violens,II,,2
295,Q.,Fabius,Maximus,Rullianus,V,,29
294,L.,Postumius,Megellus,II,,,9
293,L.,Papirius,Cursor,,,,19
292,Q.,Fabius,Maximus,Gurges,,,30
291,L.,Postumius,Megellus,III,,,10
290,P.,Cornelius,Rufinus,,,,23
289,M.,Valerius,Maximus,Corvinus,II,,28
288,Q.,Marcius,Tremulus,II,,,4
287,M.,Claudius,Marcellus,,,,9
286,M.,Valerius,Maximus,Potitus,Corvinus,III,29
285,C.,Claudius,Canina,,,,10
284,C.,Servilius,Tucca,,,,15
283,P.,Cornelius,Dolabella,,,,24
282,C.,Fabricius,Luscinus,,,,1
281,L.,Aemilius,Barbula,,,,18
280,P.,Valerius,Laevinus,,,,30
279,P.,Sulpicius,Saverrio,,,,15
278,C.,Fabricius,Luscinus,II,,,2
277,P.,Cornelius,Rufinus,II,,,25
276,Q.,Fabius,Maximus,Gurges,II,,31
275,M'.,Curius,Dentatus,II,,,1
274,M'.,Curius,Dentatus,III,,,2
273,C.,Fabius,Licinus,,,,32
272,L.,Papirius,Cursor,II,,,20
271,K.,Quinctius,Claudus,,,,12
270,C.,Genucius,Clepsina,II,,,6
269,Q.,Ogulnius,Gallus,,,,1
268,P.,Sempronius,Sophus,,,,7
267,M.,Atilius,Regulus,,,,2
266,D.,Junius,Pera,,,,4
265,Q.,Fabius,Maximus,Gurges,,,33
264,Ap.,Claudius,Caudex,,,,11
263,M'.,Valerius,Maximus,Mesalla,,,31
262,L.,Postumius,Megellus,,,,11
261,L.,Valerius,Flaccus,,,,32
260,Cn.,Cornelius,Scipio,Asina,,,26
259,L.,Cornelius,Scipio,,,,27
258,A.,Atilius,Caiatinus,,,,3
257,C.,Atilius,Regulus,,,,4
256,L.,Manlius,Vulso,Longus,,,9
255,Ser.,Fulvius,Paetinus,Nobilior,,,2
254,Cn.,Cornelius,Scipio,Asina,II,,28
253,Cn.,Servilius,Caepio,,,,16
252,C.,Aurelius,Cotta,,,,1
251,L.,Caecilius,Metellus,,,,1
250,C.,Atilius,Regulus,II,,,5
249,P.,Claudius,Pulcher,,,,12
248,C.,Aurelius,Cotta,II,,,2
247,L.,Caecilius,Metellus,II,,,2
246,M'.,Otacilius,Crassus,II,,,1
245,M.,Fabius,Buteo,,,,34
244,A.,Manlius,Torquatus,Atticus,,,10
243,C.,Fundanius,Fundulus,,,,1
242,C.,Lutatius,Catulus,,,,1
241,A.,Manlius,Torquatus,Atticus,II,,11
240,C.,Claudius,Centho,,,,13
239,C.,Mamilius,Turrinus,,,,1
238,Ti.,Sempronius,Gracchus,,,,8
237,L.,Cornelius,Lentulus,Caudinus,,,29
236,P.,Cornelius,Lentulus,Caudinus,,,30
235,T.,Manlius,Torquatus,,,,12
234,L.,Postumius,Albinus,,,,12
233,Q.,Fabius,Maximus,Verrucosus,,,35
232,M.,Aemilius,Lepidus,,,,19
231,M.,Pomponius,Matho,,,,2
230,M.,Aemilius,Barbula,,,,20
229,L.,Postumius,Albinus,II,,,13
228,Sp.,Carvilius,Maximus,Ruga,II,,1
227,P.,Valerius,Flaccus,,,,33
226,M.,Valerius,Messalla,,,,34
225,L.,Aemilius,Papus,,,,21
224,T.,Manlius,Torquatus,II,,,13
223,C.,Flaminius,,,,,1
222,M.,Claudius,Marcellus,,,,14
221,P.,Cornelius,Scipio,Asina,,,31
220,M.,Valerius,Laevinus,,,,35
220,C.,Lutatius,Catulus,,,,2
219,L.,Aemilius,Paullus,,,,22
218,P.,Cornelius,Scipio,,,,32
217,Cn.,Servilius,Geminus,,,,17
216,C.,Terentius,Varro,,,,1
215,M.,Claudius,Marcellus,II,,,15
215,Q.,Fabius,Maximus,Verrucosus,III,,36
214,Q.,Fabius,Maximus,Verrucosus,IV,,37
213,Q.,Fabius,Maximus,,,,38
212,Q.,Fulvius,Flaccus,III,,,3
211,Cn.,Fulvius,Centumalus,Maximus,,,4
210,M.,Claudius,Marcellus,IV,,,16
209,Q.,Fabius,Maximus,Verrucosus,V,,39
208,M.,Claudius,Marcellus,V,,,17
207,C.,Claudius,Nero,,,,18
206,L.,Veturius,Philo,,,,6
205,P.,Cornelius,Scipio,Africanus,,,33
204,M.,Cornelius,Cethegus,,,,34
203,Cn.,Servilius,Caepio,,,,18
202,M.,Servilius,Pulex,Geminus,,,19
201,Cn.,Cornelius,Lentulus,,,,35
200,P.,Sulpicius,Galba,Maximus,II,,16
199,L.,Cornelius,Lentulus,,,,36
198,T.,Quinctius,Flamininus,,,,13
197,C.,Cornelius,Cethegus,,,,37
196,L.,Furius,Purpureo,,,,19
195,L.,Valerius,Flaccus,,,,36
194,P.,Cornelius,Scipio,Africanus,II,,38
193,L.,Cornelius,Merula,,,,39
192,L.,Quinctius,Flamininus,,,,14
191,P.,Cornelius,Scipio,Nasica,,,40
190,L.,Cornelius,Scipio,Asiaticus,,,41
189,M.,Fulvius,Nobilior,,,,5
188,M.,Valerius,Messalla,,,,37
187,M.,Aemilius,Lepidus,,,,23
186,Sp.,Postumius,Albinus,,,,14
185,Ap.,Claudius,Pulcher,,,,19
184,P.,Claudius,Pulcher,,,,20
183,M.,Claudius,Marcellus,,,,21
182,Cn.,Baebius,Tamphilus,,,,1
181,P.,Cornelius,Cethegus,,,,42
180,A.,Postumius,Albinus,Luscus,,,15
179,Q.,Fulvius,Flaccus,,,,6
178,M.,Junius,Brutus,,,,5
177,C.,Claudius,Pulcher,,,,22
176,Cn.,Cornelius,Scipio,Hispallus,,,43
176,C.,Valerius,Laevinus,,,,38
175,P.,Mucius,Scaevola,,,,1
174,Sp.,Postumius,Albinus,Paullulus,,,16
173,L.,Postumius,Albinus,,,,17
172,C.,Popillius,Laenas,,,,3
171,P.,Licinius,Crassus,,,,8
170,A.,Hostilius,Mancinus,,,,1
169,Q.,Marcius,Philippus,II,,,5
168,L.,Aemilius,Paullus,Macedonicus,II,,24
167,Q.,Aelius,Paetus,,,,1
166,M.,Claudius,Marcellus,,,,23
165,T.,Manlius,Torquatus,,,,14
164,A.,Manlius,Torquatus,,,,15
163,Ti.,Sempronius,Gracchus,II,,,9
162,P.,Cornelius,Scipio,Nasica,Corculum,,44
162,P.,Cornelius,Lentulus,,,,45
161,M.,Valerius,Messalla,,,,39
160,L.,Anicius,Gallus,,,,1
159,Cn.,Cornelius,Dolabella,,,,46
158,M.,Aemilius,Lepidus,,,,25
157,Sex.,Julius,Caesar,,,,11
156,L.,Cornelius,Lentulus,Lupus,,,47
155,P.,Cornelius,Scipio,Nasica,Corculum,II,48
154,Q.,Opimius,,,,,1
153,Q.,Fulvius,Nobilior,,,,7
152,M.,Claudius,Marcellus,III,,,24
151,L.,Licinius,Lucullus,,,,9
150,T.,Quinctius,Flamininus,,,,15
149,L.,Marcius,Censorinus,,,,6
148,Sp.,Postumius,Albinus,Magnus,,,18
147,P.,Cornelius,Scipio,Aemilianus,,,49
146,Cn.,Cornelius,Lentulus,,,,50
145,Q.,Fabius,Maximus,Aemilianus,,,40
144,Ser.,Sulpicius,Galba,,,,17
143,Ap.,Claudius,Pulcher,,,,25
142,L.,Caecilius,Metellus,Calvus,,,3
141,Cn.,Servilius,Caepio,,,,20
140,C.,Laelius,Sapiens,,,,1
139,Cn.,Calpurnius,Piso,,,,1
138,P.,Cornelius,Scipio,Nasica,Serapio,,51
137,M.,Aemilius,Lepidus,Porcina,,,26
136,L.,Furius,Philus,,,,20
135,Ser.,Fulvius,Flaccus,,,,8
134,P.,Cornelius,Scipio,Africanus,Aemilianus,II,52
133,P.,Mucius,Scaevola,,,,2
132,P.,Popillius,Laenas,,,,4
131,P.,Licinius,Crassus,Dives,Mucianus,,10
130,L.,Cornelius,Lentulus,,,,53
130,Ap.,Claudius,Pulcher,,,,26
129,C.,Sempronius,Tuditanus,,,,10
128,Cn.,Octavius,,,,,1
127,L.,Cassius,Longinus,Ravilla,,,2
126,M.,Aemilius,Lepidus,,,,27
125,M.,Plautius,Hypsaeus,,,,3
124,C.,Cassius,Longinus,,,,3
123,Q.,Caecilius,Metellus,Balearicus,,,4
122,Cn.,Domitius,Ahenobarbus,,,,2
121,L.,Opimius,,,,,2
120,P.,Manilius,,,,,1
119,L.,Caecilius,Metellus,Delmaticus,,,5
118,M.,Porcius,Cato,,,,1
117,L.,Caecilius,Metellus,Diadematus,,,6
116,C.,Licinius,Geta,,,,11
115,M.,Aemilius,Scaurus,,,,28
114,M'.,Acilius,Balbus,,,,1
113,C.,Caecilius,Metellus,Caprarius,,,7
112,M.,Livius,Drusus,,,,2
111,P.,Cornelius,Scipio,Nasica,,,54
110,M.,Minucius,Rufus,,,,2
109,Q.,Caecilius,Metellus,Numidicus,,,8
108,Ser.,Sulpicius,Galba,,,,18
107,C.,Marius,I,,,,1
106,Q.,Servilius,Caepio,,,,21
105,P.,Rutilius,Rufus,,,,1
104,C.,Marius,II,,,,2
103,C.,Marius,III,,,,3
102,C.,Marius,IV,,,,4
101,C.,Marius,V,,,,5
100,C.,Marius,VI,,,,6
99,M.,Antonius,,,,,2
98,Q.,Caecilius,Metellus,Nepos,,,9
97,Cn.,Cornelius,Lentulus,,,,55
96,Cn.,Domitius,Ahenobarbus,,,,3
95,L.,Licinius,Crassus,,,,12
94,C.,Coelius,Caldus,,,,1
93,C.,Valerius,Flaccus,,,,40
92,C.,Claudius,Pulcher,,,,27
91,L.,Marcius,Philippus,,,,7
90,L.,Julius,Caesar,,,,12
89,Cn.,Pompeius,Strabo,,,,1
88,L.,Cornelius,Sulla,,,,56
87,Cn.,Octavius,,,,,2
86,L.,Cornelius,Cinna,II,,,57
85,L.,Cornelius,Cinna,III,,,58
84,Cn.,Papirius,Carbo,II,,,21
83,L.,Cornelius,Scipio,Asiagenes,,,59
82,C.,Marius,,,,,7
81,M.,Tullius,Decula,,,,1
80,L.,Cornelius,Sulla,Felix,II,,60
79,P.,Servilius,Vatia,,,,22
78,M.,Aemilius,Lepidus,,,,29
77,D.,Junius,Brutus,,,,6
76,Cn.,Octavius,,,,,3
75,L.,Octavius,,,,,4
74,L.,Licinius,Lucullus,,,,13
73,M.,Terentius,Varro,Lucullus,,,2
72,L.,Gellius,,,,,1
71,P.,Cornelius,Lentulus,Sura,,,61
70,Cn.,Pompeius,Magnus,,,,2
69,Q.,Hortensius,Hortalus,,,,1
68,L.,Caecilius,Metellus,,,,10
68,Servilius,Vatia,,,,,1
67,C.,Calpurnius,Piso,,,,2
66,M'.,Aemilius,Lepidus,,,,30
65,P.,Cornelius,Sulla,,,,62
65,L.,Aurelius,Cotta,,,,3
64,L.,Julius,Caesar,,,,13
63,M.,Tullius,Cicero,,,,2
62,D.,Junius,Silanus,,,,7
61,M.,Pupius,Piso,Frugi,Calpurnianus,,1
60,L.,Afranius,,,,,1
59,C.,Julius,Caesar,,,,14
58,L.,Calpurnius,Piso,Caesoninus,,,3
57,P.,Cornelius,Lentulus,Spinther,,,63
56,Cn.,Cornelius,Lentulus,Marcellinus,,,64
55,Cn.,Pompeius,Magnus,II,,,3
54,L.,Domitius,Ahenobarbus,,,,4
53,Cn.,Domitius,Calvinus,,,,5
52,Cn.,Pompeius,Magnus,III,,,4
51,Ser.,Sulpicius,Rufus,,,,19
50,L.,Aemilius,Paullus,,,,31
49,C.,Claudius,Marcellus,,,,28
48,C.,Julius,Caesar,II,,,15
47,Q.,Fufius,Calenus,,,,1
46,C.,Julius,Caesar,III,,,16
45,C.,Julius,Caesar,IV,,,17
45,Q.,Fabius,Maximus,,,,41
45,C.,Caninius,Rebilus,,,,1
44,C.,Julius,Caesar,V,,,18
44,P.,Cornelius,Dolabella,,,,65
43,C.,Vibius,Pansa,Caetronianus,,,1
43,Gaius,Julius,Caesar,Octavianus,,,19
43,C.,Carrinas,,,,,1
42,M.,Aemilius,Lepidus,II,,,32
41,L.,Antonius,Pietas,,,,3
40,Cn.,Domitius,Calvinus,II,,,6
40,L.,Cornelius,Balbus,,,,66
39,L.,Marcius,Censorinus,,,,8
39,C.,Cocceius,Balbus,,,,1
38,Ap.,Claudius,Pulcher,,,,29
38,L.,Cornelius,Lentulus,,,,67
37,M.,Vipsanius,Agrippa,,,,1
36,L.,Gellius,Poplicola,,,,2
36,L.,Nonius,Asprenas,,,,1
35,L.,Cornificius,,,,,1
35,P.,Cornelius,Dolabella,,,,68
34,M.,Antonius,II,,,,4
34,L.,Sempronius,Atratinus,,,,11
34,Paullus,Aemilius,Lepidus,,,,33
33,Gaius,Julius,Caesar,Octavianus,,,20
33,L.,Autronius,Paetus,,,,1
33,L.,Flavius,,,,,1
32,Cn.,Domitius,Ahenobarbus,,,,7
32,L.,Cornelius,,,,,69
31,M.,Antonius,III,,,,5
31,M.,Valerius,Messalla,Corvinus,,,41
31,M.,Titius,,,,,1
31,Cn.,Pompeius,,,,,5
30,Imp.,Caesar,IV,,,,1
29,Imp.,Caesar,V,,,,2
28,Imp.,Caesar,VI,,,,3
27,Imp.,Caesar,Augustus,VII,,,4
509,L.,Tarquinius,Collatinus,,,,1
509,P.,Valerius,Poplicola,,,,42
508,T.,Lucretius,Tricipitinus,,,,9
507,M.,Horatius,Pulvillus,II,,,6
506,T.,Herminius,Aquilinus,,,,2
505,P.,Postumius,Tubertus,,,,19
504,T.,Lucretius,Tricipitinus,II,,,10
503,P.,Postumius,Tubertus,II,,,20
502,Sp.,Cassius,Vecellinus,,,,4
501,T.,Larcius,,,,,2
500,M'.,Tullius,Longus,,,,3
499,C.,Veturius,Geminus,Cicurinus,,,7
498,T.,Larcius,II,,,,3
497,M.,Minucius,Augurinus,,,,3
496,T.,Verginius,Tricostus,Caeliomontanus,,,5
495,P.,Servilius,Priscus,Structus,,,23
494,T.,Veturius,Geminus,Cicurinus,,,8
493,Sp.,Cassius,Vecellinus,II,,,5
492,P.,Minucius,Augurinus,,,,4
491,A.,Sempronius,Atratinus,II,,,12
490,Sp.,Larcius,II,,,,4
489,P.,Pinarius,Mamercinus,Rufus,,,3
488,Sex.,Furius,,,,,21
487,C.,Aquillius,Tuscus,,,,1
486,Proculus,Verginius,Tricostus,Rutilus,,,6
485,Ser.,Cornelius,Maluginensis,,,,70
484,K.,Fabius,Vibulanus,,,,42
483,L.,Valerius,Potitus,,,,43
482,Q.,Fabius,Vibulanus,II,,,43
481,Sp.,Furius,Fusus,,,,22
480,Cn.,Manlius,Cincinnatus,,,,16
479,T.,Verginius,Tricostus,Rutilus,,,7
478,C.,Servilius,Structus,Ahala,,,24
478,Opiter,Verginius,Esquilinus,,,,8
477,T.,Menenius,Lanatus,,,,6
476,Sp.,Servilius,Structus,,,,25
475,C.,Nautius,Rutilus,,,,5
474,A.,Manlius,Vulso,,,,17
473,Vopiscus,Julius,Iullus,,,,21
472,P.,Furius,Medullinus,Fusus,,,23
471,T.,Quinctius,Capitolinus,Barbatus,,,16
470,Ti.,Aemilius,Mamercus,,,,34
469,A.,Verginius,Caeliomontanus,,,,9
468,Q.,Servilius,Priscus,,,,26
467,Q.,Fabius,Vibulanus,,,,44
466,Sp.,Postumius,Albinus,Regillensis,,,21
465,T.,Quinctius,Capitolinus,Barbatus,III,,17
464,Sp.,Furius,Medullinus,Fusus,,,24
463,L.,Aebutius,Helva,,,,2
462,T.,Veturius,Geminus,Cicurinus,,,9
461,Ser.,Sulpicius,Camerinus,Cornutus,,,20
460,C.,Claudius,Inregillensis,Sabinus,,,30
459,L.,Cornelius,Maluginensis,Uritinus,,,71
458,Praenomen,Carventanus,,,,,1
458,L.,Minucius,Esquilinus,Augurinus,,,5
457,Q.,Minucius,Esquilinus,,,,6
456,Sp.,Verginius,Tricostus,Caeliomontanus,,,10
455,C.,Veturius,Cicurinus,,,,10
454,A.,Aternius,Varus,Fontinalis,,,1
453,Sextus,Quinctilius,,,,,1
453,Sp.,Furius,Medullinus,Fusus,,,25
452,P.,Sestius,Capitolinus,Vaticanus,,,2
451,T.,Genucius,Augurinus,,,,7
451,T.,Genucius,Augurinus,,,,8
451,C.,Julius,Iullus,,,,22
451,Ser.,Sulpicius,Camerinus,Cornutus,,,21
451,P.,Curiatius,Fistus,Trigeminus,,,2
451,Sp.,Postumius,Albus,Regillensis,,,22
450,M.,Cornelius,Maluginensis,,,,72
450,L.,Minucius,Esquilinus,Augurinus,,,7
450,Q.,Poetelius,,,,,3
450,Caeso,Duillius,Longus,,,,1
450,M'.,Rabuleius,,,,,1
449,M.,Horatius,Turrinus,Barbatus,,,7
448,T.,Verginius,Tricostus,Caeliomontanus,,,11
447,C.,Julius,Iullus,,,,23
446,Agrippa,Furius,Fusus,,,,26
445,C.,Curiatius,Philo,,,,3
444,L.,Atilius,Luscus,,,,6
444,L.,Sempronius,Atratinus,,,,13
443,T.,Quinctius,Capitolinus,Barbatus,V,,18
442,Post.,Aebutius,Helva,Cornicen,,,3
441,M'.,Papirius,Crassus,,,,22
440,T.,Menenius,Lanatus,II,,,7
439,T.,Quinctius,Capitolinus,Barbatus,VI,,19
438,L.,Quinctius,Cincinnatus,,,,20
437,L.,Sergius,Fidenas,,,,7
436,L.,Papirius,Crassus,,,,23
435,L.,Verginius,Tricostus,,,,12
434,Q.,Sulpicius,Camerinus,Praetextatus,,,22
433,M.,Folius,Flaccinator,,,,2
432,L.,Furius,Medullinus,,,,27
431,C.,Julius,Mento,,,,24
430,L.,Julius,Iullus,,,,25
429,L.,Sergius,Fidenas,II,,,8
428,T.,Quinctius,Poenus,Cincinnatus,II,,21
427,L.,Papirius,Mugillanus,,,,24
426,T.,Quinctius,Poenus,Cincinnatus,,,22
426,A.,Cornelius,Cossus,,,,73
425,L.,Quinctius,Cincinnatus,II,,,23
425,L.,Horatius,Barbatus,,,,8
424,Sp.,Nautius,Rutilus,,,,6
424,Sex.,Julius,Iullus,,,,26
423,Q.,Fabius,Vibulanus,,,,45
422,Q.,Antonius,Merenda,,,,6
421,T.,Quinctius,Capitolinus,Barbatus,,,24
420,L.,Furius,Medullinus,III,,,28
420,A.,Sempronius,Atratinus,II,,,14
419,P.,Lucretius,Tricipitinus,,,,11
419,C.,Servilius,Axilla,,,,27
418,M.,Papirius,Mugillanus,,,,25
417,Agrippa,Menenius,Lanatus,II,,,8
417,Sp.,Veturius,Crassus,,,,11
416,M.,Papirius,Mugillanus,II,,,26
416,Sp.,Nautius,Rutilus,II,,,7
415,C.,Valerius,Potitus,Volusus,,,44
415,N.,Fabius,Vibulanus,,,,46
414,L.,Valerius,Potitus,,,,45
414,P.,Postumius,Albinus,Regillensis,,,23
413,L.,Furius,Medullinus,,,,29
412,C.,Furius,Pacilus,,,,30
411,Sp.,Nautius,Rutilus,,,,8
410,C.,Valerius,Potitus,Volusus,,,46
409,L.,Furius,Medullinus,II,,,31
408,P.,Cornelius,Cossus,,,,74
407,C.,Valerius,Potitus,Volusus,II,,47
407,C.,Servilius,Ahala,II,,,28
406,Cn.,Cornelius,Cossus,,,,75
406,L.,Valerius,Potitus,II,,,48
405,Q.,Quinctius,Cincinnatus,II,,,25
405,A.,Manlius,Vulso,Capitolinus,,,18
405,M'.,Aemilius,Mamercinus,,,,35
404,M'.,Sergius,Fidenas,,,,9
404,Cn.,Cornelius,Cossus,II,,,76
404,Sp.,Nautius,Rutilus,III,,,9
403,L.,Valerius,Potitus,III,,,49
403,M.,Quinctilius,Varus,,,,2
403,M.,Furius,Fusus,,,,32
402,Q.,Servilius,Fidenas,,,,29
402,Q.,Sulpicius,Camerinus,Cornutus,,,23
402,M'.,Sergius,Fidenas,II,,,10
401,M.,Furius,Camillus,,,,33
401,Cn.,Cornelius,Cossus,III,,,77
401,L.,Julius,Iullus,,,,27
400,P.,Manlius,Vulso,,,,19
400,P.,Maelius,Capitolinus,,,,2
400,L.,Publilius,Philo,Vulscus,,,2
399,L.,Atilius,Priscus,,,,7
399,C.,Duillius,Longus,,,,2
399,Volero,Publilius,Philo,,,,3
398,M.,Valerius,Lactucinus,Maximus,,,50
398,L.,Furius,Medullinus,III,,,34
398,Q.,Sulpicius,Camerinus,Cornutus,II,,24
397,L.,Furius,Medullinus,IV,,,35
397,A.,Postumius,Albinus,Regillensis,,,24
397,A.,Manlius,Vulso,Capitolinus,III,,20
396,P.,Licinius,Calvus,Esquilinus,II,,14
396,Q.,Manlius,Vulso,Capitolinus,,,21
396,L.,Atilius,Priscus,II,,,8
395,P.,Cornelius,Scipio,,,,78
395,L.,Furius,Medullinus,V,,,36
395,M.,Valerius,Lactucinus,Maximus,II,,51
394,L.,Furius,Medullinus,VI,,,37
394,L.,Valerius,Poplicola,,,,52
394,P.,Cornelius,Maluginensis,,,,79
393,Cornelius,Maluginensis,,,,,1
393,Ser.,Sulpicius,Camerinus,,,,25
392,M.,Manlius,Capitolinus,,,,22
391,Ser.,Sulpicius,Camerinus,,,,26
391,L.,Furius,Medullinus,VII,,,38
391,C.,Aemilius,Mamercinus,II,,,36
390,Q.,Fabius,Ambustus,,,,47
390,N.,Fabius,Ambustus,II,,,48
390,P.,Cornelius,Maluginensis,II,,,80
389,L.,Verginius,Tricostus,Esquilinus,II,,13
389,A.,Manlius,Capitolinus,,,,23
389,L.,Postumius,Albinus,Regillensis,,,25
389,M.,Furius,,,,,39
388,Q.,Servilius,Fidenas,V,,,30
388,L.,Aquillius,Corvus,,,,2
388,Ser.,Sulpicius,Rufus,,,,27
387,Cn.,Sergius,Fidenas,Coxo,,,11
387,Licinus,Menenius,Lanatus,,,,9
386,Ser.,Cornelius,Maluginensis,,,,81
386,L.,Quinctius,Cincinnatus,,,,26
386,P.,Valerius,Potitus,Poplicola,,,53
385,P.,Cornelius,,,,,82
385,L.,Quinctius,Capitolinus,,,,27
385,Cn.,Sergius,Fidenas,Coxo,II,,12
384,P.,Valerius,Potitus,Poplicola,II,,54
384,Ser.,Sulpicius,Rufus,II,,,28
384,T.,Quinctius,Cincinnatus,Capitolinus,,,28
383,A.,Manlius,Capitolinus,IV,,,24
383,L.,Lucretius,Tricipitinus,Flavus,III,,12
383,M.,Trebonius,,,,,2
382,L.,Papirius,Mugillanus,,,,27
382,Q.,Servilius,Fidenas,,,,31
382,L.,Aemilius,Mamercinus,V,,,37
381,A.,Postumius,Albinus,Regillensis,II,,26
381,L.,Furius,Medullinus,,,,40
381,M.,Fabius,Ambustus,,,,49
380,P.,Valerius,Potitus,Poplicola,III,,55
380,Licinus,Menenius,Lanatus,II,,,10
380,L.,Aemilius,Mamercinus,VI,,,38
380,Ti.,Papirius,Crassus,,,,28
379,Cn.,Manlius,Vulso,,,,25
379,C.,Sextilius,,,,,1
379,L.,Antistius,,,,,1
379,C.,Erenucius,,,,,1
378,Q.,Servillius,Fidenas,II,,,1
378,P.,Cloelius,Siculus,,,,3
378,L.,Geganius,Macerinus,,,,7
377,P.,Valerius,Potitus,Poplicola,IV,,56
377,Ser.,Sulpicius,Rufus,IV,,,29
377,C.,Quinctius,Cincinnatus,,,,29
376,Licinus,Menenius,Lanatus,IV,,,11
376,Ser.,Sulpicius,Praetextatus,II,,,30
375,Lucius,Sextius,,,,,5
370,A.,Manlius,Capitolinus,V,,,26
370,Ser.,Cornelius,Maluginensis,VI,,,83
370,C.,Valerius,Potitus,,,,57
369,C.,Veturius,Crassus,Cicurinus,II,,12
369,M.,Cornelius,Maluginensis,,,,84
369,M.,Fabius,Ambustus,II,,,50
368,Ser.,Cornelius,Maluginensis,VII,,,85
368,Sp.,Servilius,Structus,,,,32
368,L.,Veturius,Crassus,Cicurinus,,,13
367,M.,Cornelius,Maluginensis,II,,,86
367,P.,Manlius,Capitolinus,II,,,27
367,P.,Valerius,Potitus,Poplicola,VI,,58
366,L.,Sextius,Sextinus,Lateranus,,,6
365,Q.,Servilius,Ahala,,,,33
364,C.,Licinius,Calvus,,,,15
363,L.,Aemilius,Mamercinus,II,,,39
362,L.,Genucius,Aventinensis,II,,,9
361,C.,Sulpicius,Peticus,II,,,31
360,C.,Poetelius,Libo,Visolus,,,4
359,Cn.,Manlius,Capitolinus,Imperiosus,,,28
358,C.,Plautius,Proculus,,,,4
357,Cn.,Manlius,Capitolinus,,,,29
356,M.,Popillius,Laenas,II,,,5
355,M.,Valerius,Poplicola,,,,59
354,T.,Quinctius,Poenus,Capitolinus,Crispinus,,30
353,M.,Valerius,Poplicola,II,,,60
352,C.,Marcius,Rutilus,II,,,9
351,T.,Quinctius,Poenus,,,,31
350,L.,Cornelius,Scipio,,,,87
349,Ap.,Claudius,Crassus,Inregillensis,,,31
348,M.,Popillius,Laenas,IV,,,6
347,T.,Manlius,Imperiosus,Torquatus,,,30
346,C.,Poetelius,Libo,Visolus,II,,5
345,Ser.,Sulpicius,Camerinus,Rufus,,,32
344,T.,Manlius,Imperiosus,Torquatus,II,,31
343,A.,Cornelius,Cossus,Arvina,,,88
342,C.,Marcius,Rutilus,IV,,,10
341,L.,Aemilius,Mamercinus,Privernas,,,40
340,P.,Decius,Mus,,,,2
339,Q.,Publilius,Philo,,,,4
338,C.,Maenius,,,,,1
337,P.,Aelius,Paetus,,,,2
336,K.,Duilius,,,,,1
335,M.,Valerius,Corvus,IV,,,61
334,T.,Veturius,Calvinus,,,,14
332,A.,Cornelius,Cossus,Arvina,II,,89
331,M.,Claudius,Marcellus,,,,32
330,L.,Plautius,Venno,,,,5
329,C.,Plautius,Decianus,,,,6
328,P.,Cornelius,Scipio,Barbatus,,,90
327,Q.,Publilius,Philo,II,,,5
326,L.,Papirius,Cursor,,,,29
325,D.,Junius,Brutus,Scaeva,,,8
323,Q.,Aulius,Cerretanus,,,,1
322,L.,Fulvius,Curvus,,,,9
321,Sp.,Postumius,Albinus,Caudinus,II,,27
320,L.,Papirius,Cursor,II,,,30
319,Q.,Aulius,Cerretanus,II,,,2
318,L.,Plautius,Venno,,,,7
317,Q.,Aemilius,Barbula,,,,41
316,M.,Popillius,Laenas,,,,7
315,Q.,Publilius,Philo,IV,,,6
314,C.,Sulpicius,Longus,III,,,33
313,C.,Junius,Bubulcus,Brutus,II,,9
312,P.,Decius,Mus,,,,3
311,Q.,Aemilius,Barbula,II,,,42
310,C.,Marcius,Rutilus,Censorinus,,,11
308,Q.,Fabius,Maximus,Rullianus,III,,51
307,L.,Volumnius,Flamma,Violens,,,3
306,P.,Cornelius,Arvina,,,,91
305,Ti.,Minucius,Augurinus,,,,8
305,M.,Fulvius,Curvus,Paetinus,,,10
304,P.,Sulpicius,Saverrio,,,,34
303,L.,Genucius,Aventinensis,,,,10
302,M.,Aemilius,Paullus,,,,43
300,Q.,Appuleius,Pansa,,,,1
299,T.,Manlius,Torquatus,,,,32
299,M.,Valerius,Corvus,VI,,,62
298,Cn.,Fulvius,Maximus,Centumalus,,,11
297,P.,Decius,Mus,III,,,4
296,Ap.,Claudius,Caecus,II,,,33
295,P.,Decius,Mus,IV,,,5
294,M.,Atilius,Regulus,,,,9
293,Sp.,Carvilius,Maximus,,,,2
292,D.,Junius,Brutus,Scaeva,,,10
291,C.,Junius,Bubulcus,Brutus,,,11
290,M'.,Curius,Dentatus,,,,3
289,Q.,Caedicius,Noctua,,,,1
288,P.,Cornelius,Arvina,II,,,92
287,C.,Nautius,Rutilus,,,,10
286,C.,Aelius,Paetus,,,,3
285,M.,Aemilius,Lepidus,,,,44
284,L.,Caecilius,Metellus,Denter,,,11
283,Cn.,Domitius,Calvinus,Maximus,,,8
282,Q.,Aemilius,Papus,,,,45
281,Q.,Marcius,Philippus,,,,12
280,Ti.,Coruncanius,,,,,1
279,P.,Decius,Mus,,,,6
278,Q.,Aemilius,Papus,II,,,46
277,C.,Junius,Bubulcus,Brutus,II,,12
276,C.,Genucius,Clepsina,,,,11
275,L.,Cornelius,Lentulus,Caudinus,,,93
274,Ser.,Cornelius,Merenda,,,,94
273,C.,Claudius,Canina,II,,,34
272,Sp.,Carvilius,Maximus,II,,,3
271,L.,Genucius,Clepsina,,,,12
270,Cn.,Cornelius,Blasio,,,,95
269,C.,Fabius,Pictor,,,,52
268,Ap.,Claudius,Russus,,,,35
267,L.,Julius,Libo,,,,28
266,N.,Fabius,Pictor,,,,53
265,L.,Mamilius,Vitulus,,,,2
264,M.,Fulvius,Flaccus,,,,12
263,M'.,Otacilius,Crassus,,,,2
262,Q.,Mamilius,Vitulus,,,,3
261,T.,Otacilius,Crassus,,,,3
260,C.,Duilius,,,,,2
259,C.,Aquillius,Florus,,,,3
258,C.,Sulpicius,Paterculus,,,,35
257,Cn.,Cornelius,Blasio,II,,,96
256,Q.,Caedicius,,,,,2
256,M.,Atilius,Regulus,II,,,10
255,M.,Aemilius,Paullus,,,,47
254,A.,Atilius,Caiatinus,II,,,11
253,C.,Sempronius,Blaesus,,,,15
252,P.,Servilius,Geminus,,,,34
251,C.,Furius,Pacilus,,,,41
250,L.,Manlius,Vulso,Longus,II,,33
249,L.,Junius,Pullus,,,,13
248,P.,Servilius,Geminus,II,,,35
247,N.,Fabius,Buteo,,,,54
246,M.,Fabius,Licinus,,,,55
245,C.,Atilius,Bulbus,,,,12
244,C.,Sempronius,Blaesus,II,,,16
243,C.,Sulpicius,Galus,,,,36
242,A.,Postumius,Albinus,,,,28
241,Q.,Lutatius,Cerco,,,,3
240,M.,Sempronius,Tuditanus,,,,17
239,Q.,Valerius,Falto,,,,63
238,P.,Valerius,Falto,,,,64
237,Q.,Fulvius,Flaccus,,,,13
236,C.,Licinius,Varus,,,,16
235,C.,Atilius,Bulbus,II,,,13
234,Sp.,Carvilius,Maximus,Ruga,,,4
233,M'.,Pomponius,Matho,,,,3
232,M.,Publicius,Malleolus,,,,1
231,C.,Papirius,Maso,,,,31
230,M.,Junius,Pera,,,,14
229,Cn.,Fulvius,Centumalus,,,,14
228,Q.,Fabius,Maximus,Verrucosus,II,,56
227,M.,Atilius,Regulus,,,,14
226,L.,Apustius,Fullo,,,,1
225,C.,Atilius,Regulus,,,,15
224,Q.,Fulvius,Flaccus,II,,,15
223,P.,Furius,Philus,,,,42
222,Cn.,Cornelius,Scipio,Calvus,,,97
221,M.,Minucius,Rufus,,,,9
220,Q.,Mucius,Scaevola,,,,3
220,L.,Veturius,Philo,,,,15
219,M.,Livius,Salinator,,,,3
218,Ti.,Sempronius,Longus,,,,18
217,C.,Flaminius,II,,,,2
217,M.,Atilius,Regulus,II,,,16
216,L.,Aemilius,Paullus,II,,,48
215,Ti.,Sempronius,Gracchus,,,,19
214,M.,Claudius,Marcellus,III,,,36
213,Ti.,Sempronius,Gracchus,II,,,20
212,Ap.,Claudius,Pulcher,,,,37
211,P.,Sulpicius,Galba,Maximus,,,37
210,M.,Valerius,Laevinus,II,,,65
209,Q.,Fulvius,Flaccus,IV,,,16
208,T.,Quinctius,Crispinus,,,,32
207,M.,Livius,Salinator,II,,,4
206,Q.,Caecilius,Metellus,,,,12
205,P.,Licinius,Crassus,Dives,,,17
204,P.,Sempronius,Tuditanus,,,,21
203,C.,Servilius,Geminus,,,,36
202,Ti.,Claudius,Nero,,,,38
201,P.,Aelius,Paetus,,,,4
200,C.,Aurelius,Cotta,,,,4
199,P.,Villius,Tappulus,,,,1
198,Sex.,Aelius,Paetus,Catus,,,5
197,Q.,Minucius,Rufus,,,,10
196,M.,Claudius,Marcellus,,,,39
195,M.,Porcius,Cato,,,,2
194,Ti.,Sempronius,Longus,,,,22
193,Q.,Minucius,Thermus,,,,11
192,Cn.,Domitius,Ahenobarbus,,,,9
191,M'.,Acilius,Glabrio,,,,2
190,C.,Laelius,,,,,2
189,Cn.,Manlius,Vulso,,,,34
188,C.,Livius,Salinator,,,,5
187,C.,Flaminius,,,,,3
186,Q.,Marcius,Philippus,,,,13
185,M.,Sempronius,Tuditanus,,,,23
184,L.,Porcius,Licinus,,,,3
183,Q.,Fabius,Labeo,,,,57
182,L.,Aemilius,Paullus,Macedonicus,,,49
181,M.,Baebius,Tamphilus,,,,2
180,C.,Calpurnius,Piso,,,,4
180,Q.,Fulvius,Flaccus,,,,17
179,L.,Manlius,Acidinus,Fulvianus,,,35
178,A.,Manlius,Vulso,,,,36
177,Ti.,Sempronius,Gracchus,,,,24
176,Q.,Petillius,Spurinus,,,,1
175,M.,Aemilius,Lepidus,II,,,50
174,Q.,Mucius,Scaevola,,,,4
173,M.,Popillius,Laenas,,,,8
172,P.,Aelius,Ligus,,,,6
171,C.,Cassius,Longinus,,,,6
170,A.,Atilius,Serranus,,,,17
169,Cn.,Servilius,Caepio,,,,37
168,C.,Licinius,Crassus,,,,18
167,M.,Junius,Pennus,,,,15
166,C.,Sulpicius,Galus,,,,38
165,Cn.,Octavius,,,,,5
164,Q.,Cassius,Longinus,,,,7
163,M'.,Juventius,Thalna,,,,1
162,C.,Marcius,Figulus,,,,14
162,Cn.,Domitius,Ahenobarbus,,,,10
161,C.,Fannius,Strabo,,,,1
160,M.,Cornelius,Cethegus,,,,98
159,M.,Fulvius,Nobilior,,,,18
158,C.,Popillius,Laenas,II,,,9
157,L.,Aurelius,Orestes,,,,5
156,C.,Marcius,Figulus,II,,,15
155,M.,Claudius,Marcellus,II,,,40
154,L.,Postumius,Albinus,,,,29
154,M'.,Acilius,Glabrio,,,,3
153,T.,Annius,Luscus,,,,1
152,L.,Valerius,Flaccus,,,,66
151,A.,Postumius,Albinus,,,,30
150,M'.,Acilius,Balbus,,,,4
149,M'.,Manilius,,,,,2
148,L.,Calpurnius,Piso,Caesoninus,,,5
147,C.,Livius,Drusus,,,,6
146,L.,Mummius,Achaicus,,,,1
145,L.,Hostilius,Mancinus,,,,2
144,L.,Aurelius,Cotta,,,,6
143,Q.,Caecilius,Metellus,Macedonicus,,,13
142,Q.,Fabius,Maximus,Servilianus,,,58
141,Q.,Pompeius,,,,,6
140,Q.,Servilius,Caepio,,,,38
139,M.,Popillius,Laenas,,,,10
138,D.,Junius,Brutus,Callaicus,,,16
137,C.,Hostilius,Mancinus,,,,3
136,Sex.,Atilius,Serranus,,,,18
135,Q.,Calpurnius,Piso,,,,6
134,C.,Fulvius,Flaccus,,,,19
133,L.,Calpurnius,Piso,Frugi,,,7
132,P.,Rupilius,,,,,1
131,L.,Valerius,Flaccus,,,,67
130,M.,Perperna,,,,,1
129,M'.,Aquillius,,,,,4
128,T.,Annius,Rufus,,,,2
127,L.,Cornelius,Cinna,,,,99
126,L.,Aurelius,Orestes,,,,7
125,M.,Fulvius,Flaccus,,,,20
124,C.,Sextius,Calvinus,,,,7
123,T.,Quinctius,Flamininus,,,,33
122,C.,Fannius,,,,,2
121,Q.,Fabius,Maximus,Allobrogicus,,,59
120,C.,Papirius,Carbo,,,,32
119,L.,Aurelius,Cotta,,,,8
118,Q.,Marcius,Rex,,,,16
117,Q.,Mucius,Scaevola,Augur,,,5
116,Q.,Fabius,Maximus,Eburnus,,,60
115,M.,Caecilius,Metellus,,,,14
114,C.,Porcius,Cato,,,,4
113,Cn.,Papirius,Carbo,,,,33
112,L.,Calpurnius,Piso,Caesoninus,,,8
111,L.,Calpurnius,Bestia,,,,9
110,Sp.,Postumius,Albinus,,,,31
109,M.,Junius,Silanus,,,,17
108,Hortensius,,,,,,0
108,M.,Aurelius,Scaurus,,,,9
107,L.,Cassius,Longinus,,,,8
106,C.,Atilius,Serranus,,,,19
105,Cn.,Mallius,Maximus,,,,1
104,C.,Flavius,Fimbria,,,,2
103,L.,Aurelius,Orestes,,,,10
102,Q.,Lutatius,Catulus,,,,4
101,M'.,Aquillius,,,,,5
100,L.,Valerius,Flaccus,,,,68
99,A.,Postumius,Albinus,,,,32
98,T.,Didius,,,,,1
97,P.,Licinius,Crassus,,,,19
96,C.,Cassius,Longinus,,,,9
95,Q.,Mucius,Scaevola,Pontifex,,,6
94,L.,Domitius,Ahenobarbus,,,,11
93,M.,Herennius,,,,,1
92,M.,Perperna,,,,,2
91,Sex.,Julius,Caesar,,,,29
90,P.,Rutilius,Lupus,,,,2
89,L.,Porcius,Cato,,,,5
88,Q.,Pompeius,Rufus,,,,7
87,L.,Cornelius,Cinna,,,,100
87,L.,Cornelius,Merula,,,,101
86,C.,Marius,VII,,,,8
86,L.,Valerius,Flaccus,,,,69
85,Cn.,Papirius,Carbo,,,,34
84,L.,Cornelius,Cinna,IV,,,102
83,C.,Norbanus,,,,,1
82,Cn.,Papirius,Carbo,III,,,35
81,Cn.,Cornelius,Dolabella,,,,103
80,Q.,Caecilius,Metellus,Pius,,,15
79,Ap.,Claudius,Pulcher,,,,41
78,Q.,Lutatius,Catulus,,,,5
77,Mam.,Aemilius,Lepidus,Livianus,,,51
76,C.,Scribonius,Curio,,,,1
75,C.,Aurelius,Cotta,,,,11
74,M.,Aurelius,Cotta,,,,12
73,C.,Cassius,Longinus,,,,10
72,Cn.,Cornelius,Lentulus,Clodianus,,,104
71,Cn.,Aufidius,Orestes,,,,1
70,M.,Licinius,Crassus,,,,20
69,Q.,Caecilius,Metellus,Creticus,,,16
68,Q.,Marcius,Rex,,,,17
67,M'.,Acilius,Glabrio,,,,5
66,L.,Volcacius,Tullus,,,,1
65,P.,Autronius,Paetus,,,,2
65,L.,Manlius,Torquatus,,,,37
64,Minucius,Thermus,,,,,1
64,C.,Marcius,Figulus,,,,18
63,C.,Antonius,Hybrida,,,,7
62,L.,Licinius,Murena,,,,21
61,M.,Valerius,Messalla,Niger,,,70
60,Q.,Caecilius,Metellus,Celer,,,17
59,M.,Calpurnius,Bibulus,,,,10
58,A.,Gabinius,,,,,1
57,Q.,Caecilius,Metellus,Nepos,,,18
56,L.,Marcius,Philippus,,,,19
55,M.,Licinius,Crassus,II,,,22
54,Ap.,Claudius,Pulcher,,,,42
53,M.,Valerius,Messalla,Rufus,,,71
52,Q.,Caecilius,Metellus,Pius,Scipio,,19
51,M.,Claudius,Marcellus,,,,43
50,C.,Claudius,Marcellus,,,,44
49,L.,Cornelius,Lentulus,Crus,,,105
48,P.,Servilius,Isauricus,,,,39
47,P.,Vatinius,,,,,1
46,M.,Aemilius,Lepidus,,,,52
45,sine,collega,,,,,1
45,C.,Trebonius,,,,,3
44,M.,Antonius,,,,,8
43,A.,Hirtius,,,,,1
43,Q.,Pedius,,,,,1
43,P.,Ventidius,,,,,1
42,L.,Munatius,Plancus,,,,1
41,P.,Servilius,Isauricus,II,,,40
40,C.,Asinius,Pollio,,,,1
40,P.,Canidius,Crassus,,,,1
39,C.,Calvisius,Sabinus,,,,1
39,P.,Alfenus,Varus,,,,1
38,C.,Norbanus,Flaccus,,,,2
38,L.,Marcius,Philippus,,,,20
37,L.,Caninius,Gallus,,,,2
37,T.,Statilius,Taurus,,,,1
36,M.,Cocceius,Nerva,,,,2
36,Q.,Marcius,Rufus,,,,21
35,Sex.,Pompeius,,,,,8
35,T.,Peducaeus,,,,,1
34,L.,Scribonius,Libo,,,,2
34,C.,Memmius,,,,,1
34,M.,Herennius,Picens,,,,2
33,L.,Volcacius,Tullus,,,,2
33,C.,Fonteius,Capito,,,,1
32,C.,Sosius,,,,,1
32,M.,Valerius,Messalla,,,,72
31,Imp.,Caesar,III,,,,5
30,M.,Licinius,Crassus,,,,23
30,C.,Antistius,Vetus,,,,2
30,M.,Tullius,Cicero,,,,4
30,L.,Saenius,,,,,1
29,Sex.,Appuleius,,,,,2
29,Potitus,Valerius,Messalla,,,,73
28,M.,Agrippa,II,,,,1
27,M.,Agrippa,III,,,,2
